Part number;supplier
L0352485AA;FAURECIA
L0319957AA;FAURECIA
L0319945AA;FAURECIA
L0319947AA;FAURECIA
L0353460AA;WET
L0379333AA;Branorus
L0353458AA;WET
L0368284AA;Lear Kaluga
L0396611AB;Lear Tangier
L0379334AA;Branorus
L0408052AA;Lear Tychy
L0379658AA;Lear Izhevsk
L0368344AA;Lear NINO
L0368275AA;Lear Kaluga
L0374761AA;Lear Kaluga
L0368363AA;Lear NINO
L0386156AE;Lear NINO
L0387385AE;Lear NINO
L0374765AA;Lear Kaluga
L0418349AALCF;AUTOLIV LLC
L0408062AA;Lear Tychy
L0418348AALCF;AUTOLIV LLC
L0368272AA;Lear Kaluga
L0320375AA;Lear Legnica
L0368351AA;Lear NINO
L0404488AA;Branorus
L0373791AA;Lear Kaluga
L0373853AA;Lear Kaluga
L0378270AA;Branorus
L0368982AA;Lear Kaluga
L0368983AA;Lear Kaluga
L0373852AC;Lear NINO
L0373785AC;Lear NINO
L0091961AE;Johnson Controls Polska SP. z.o.o.
L0091962AE;Johnson Controls Polska SP. z.o.o.
L0374578AA;Lear Kaluga
L0320373AA;Lear Legnica
L0320002AA;NIFCO UK
L0404751AB;Lear Izhevsk
L0407906AA;AUTOLIV LLC
L0407912AA;AUTOLIV LLC
L0352481AA;NIFCO SP
L0404363AA;Branorus
L0418136AA;AUTOLIV LLC
L0329019AA;FAURECIA
L0352475AA;Lear Tangier
L0320372AA;Lear Legnica
L0367957AA;Branorus
L0404490AAN1F;NIFCO UK
L0369216AA;WILD
L0320082AA;Leggett&Platt Automotive Group Europe
L0369211AA;SCS Polska
L0384799AA;Lear Tangier
L0320083AA;Leggett&Platt Automotive Group Europe
L0367955AA;Branorus
L0404750AB;Branorus
L0352563AA;Lear Tangier
L0330594AA;APS Metal Pressings Ltd
L0373775AD;Lear NINO
L0373850AE;Lear NINO
L0368986AA;Lear NINO
L0368988AA;Lear NINO
L0374664AA;Lear NINO
L0320009AA;NIFCO UK
L0320010AA;NIFCO UK
L0374579AA;Lear NINO
L0374586AA;Lear Kaluga
L0374655AA;Lear NINO
L0326371AAN1F;ITW
L0352483AA;NIFCO SP
L0352484AA;NIFCO SP
L0322143AA;APS Metal Pressings Ltd
L0384800AA;Lear Tangier
L0374660AA;Lear Kaluga
L0368946AA;NIFCO UK
L0386352AA;Lear Kaluga
L0386353AA;Lear Kaluga
L0320013AA;NIFCO UK
L0373849AC;Lear NINO
L0352551AA;Lear Tangier
L0363631AA;NIFCO UK
L0363632AA;NIFCO UK
L0373776AC;Lear NINO
L0374601AA;Lear Kaluga
L0404491AAN1F;NIFCO UK
L0374593AA;Lear NINO
L0320050AAN1F;ITW
L0374653AA;Lear NINO
L0010017AA;TR FASTNERS
L0352573AB;APS Metal Pressings Ltd
L0404710AA;Lear Kaluga
L0341718AA;NIFCO UK
L0341719AA;NIFCO UK
L0379336AA;Branorus
L0374584AA;Lear NINO
L0352569AA;APS Metal Pressings Ltd
L0326370AAN1F;ITW
L0368990AAN1F;TAKATA
L0368991AAN1F;TAKATA
L0340755AA;Horn & Bauer GmbH & Co. KG 
L0371234AA;SBE - VARVIT  S.p.A.
L0384746AA;Lear NINO
L0384748AA;Lear NINO
L0384585AA;Lear Tangier
L0378642AA;Horn & Bauer GmbH & Co. KG 
L0393995AA;William Mitchell
L0341241AAN1F;NIFCO UK
L0328252AA;NIFCO UK
L0384820AA;Lear Tangier
L0368346AA;Lear NINO
L0408053AA;Lear Tychy
L0340756AA;NIFCO UK
L0352579AA;APS Metal Pressings Ltd
L0374682AA;Lear NINO
L0384745AALCF;Lear NINO
L0384747AALCF;Lear NINO
L0421411AA;FAURECIA
L0320048AAN1F;ITW
L0378641AA;Horn & Bauer GmbH & Co. KG 
L0386702AA;Horn & Bauer GmbH & Co. KG 
L0415003AA;Lear NINO
L0352578AA;APS Metal Pressings Ltd
L0368367AA;Lear NINO
L0352577AA;NIFCO SP
L0329195AA;APS Metal Pressings Ltd
L0386152AD;Lear NINO
L0386254AE;Lear NINO
L0378141AA;Horn & Bauer GmbH & Co. KG 
L0368358AA;Lear NINO
L0368365AA;Lear NINO
L0321935AAN1F;NIFCO UK
L0368954AA;Lear NINO
L0146067AA;TR FASTNERS
L0384822AA;Lear Tangier
L0415000AA;Lear NINO
L0364126AA;TR FASTNERS
L0408063AA;Lear Tychy
L0385332AA;Lear NINO
L0386255AC;Lear NINO
L0368975AA;Lear Kaluga
L0408056AA;Lear Tychy
L0386153AC;Lear NINO
L0368353AA;Lear NINO
L0368977AA;Lear Kaluga
L0352477AB;Lear Tangier
L0328525AAN1F;NIFCO UK
L0353459AA;WET
L0353461AA;WET
L0343041AA;Horn & Bauer GmbH & Co. KG 
L0368286AA;Lear Kaluga
L0120682AA;PANELFISA
L0283700AA;TR FASTNERS
L0182801AA;TR FASTNERS
L0343040AA;Horn & Bauer GmbH & Co. KG 
L0386146AA;PANELFISA
L0440383AA;TR FASTNERS
L0328663AA;TR FASTNERS
L0369423AA;PANELFISA
L0328621AA;TR FASTNERS
L0072180AA;TR FASTNERS
L0386153AB;Lear NINO
L0144075AALCF;TR FASTNERS
L0321902AAN1F;NIFCO UK
L0408061AA;Lear Tychy
L0368281AA;Lear Kaluga
L0374678AA;Lear NINO
L0368279AA;Lear Kaluga
L0386152AA;Lear NINO
L0386254AA;Lear NINO
L0328622AA;TR FASTNERS
L0388263AA;Lear Kaluga
L0386255AB;Lear NINO
L0368984AA;Lear NINO
L0368987AA;Lear NINO
L0388258AA;Lear Kaluga
L0388261AA;Lear Kaluga
L0388262AA;Lear Kaluga
L0328623AC;TR FASTNERS
L0088235AA;FACIL
L0368381AA;Lear NINO
L0153152AA;TR FASTNERS
L0368985AA;Lear NINO
L0368989AA;Lear NINO
L0321101AA;WILD
L0321102AA;WILD
L0368943AAN1F;NIFCO UK
L0368382AA;Lear NINO
L0010009AA;TR FASTNERS
L0153954AA;TR FASTNERS
L0328623AA;TR FASTNERS
L0410292AA;TR FASTNERS
L0384746AD;Lear NINO
L0384748AD;Lear NINO
L0384747AB;Lear NINO
L0384745AB;Lear NINO
